price,sku,asin,reviews,product_link,image_link,uuid
729,Apple iPhone 13 (128 GB) - Green,B09V43FPYG,"1,526",https://www.amazon.co.uk/gp/slredirect/picassoRedirect.html/ref=pa_sp_atf_electronics_sr_pg1_1?ie=UTF8&adId=A09483441E08EIM75S9KP&url=%2FApple-iPhone-13-128-GB%2Fdp%2FB09V43FPYG%2Fref%3Dsr_1_1_sspa%3Fcrid%3D2MPQQM1S19HFJ%26keywords%3DiPhone%2B13%26qid%3D1657021739%26refinements%3Dp_89%253AApple%26rnid%3D1632651031%26s%3Delectronics%26sprefix%3D%252Caps%252C102%26sr%3D1-1-spons%26psc%3D1&qualifier=1657021739&id=393844671160640&widgetName=sp_atf,https://m.media-amazon.com/images/I/61-r9zOKBCL._AC_UY218_.jpg,117aab14-9661-4ce4-a631-74c974d151c5
949,Apple iPhone 13 Pro (128GB) - Graphite,B09G98SWCW,758,https://www.amazon.co.uk/gp/slredirect/picassoRedirect.html/ref=pa_sp_atf_electronics_sr_pg1_1?ie=UTF8&adId=A03543222TF7I0J6G2LE8&url=%2FApple-iPhone-13-Pro-128GB%2Fdp%2FB09G98SWCW%2Fref%3Dsr_1_2_sspa%3Fcrid%3D2MPQQM1S19HFJ%26keywords%3DiPhone%2B13%26qid%3D1657021739%26refinements%3Dp_89%253AApple%26rnid%3D1632651031%26s%3Delectronics%26sprefix%3D%252Caps%252C102%26sr%3D1-2-spons%26psc%3D1&qualifier=1657021739&id=393844671160640&widgetName=sp_atf,https://m.media-amazon.com/images/I/61HnuJc8WHL._AC_UY218_.jpg,39f4209f-6835-4111-938f-d330c9a28d5d
729,Apple iPhone 13 (128GB) - Midnight,B09G95MCDT,"1,526",https://www.amazon.co.uk/Apple-iPhone-13-128GB-Midnight/dp/B09G95MCDT/ref=sr_1_3?crid=2MPQQM1S19HFJ&keywords=iPhone+13&qid=1657021739&refinements=p_89%3AApple&rnid=1632651031&s=electronics&sprefix=%2Caps%2C102&sr=1-3,https://m.media-amazon.com/images/I/616dWFinzLL._AC_UY218_.jpg,122f7ad0-566e-4a94-ba9e-3b932ec40baf
729,Apple iPhone 13 (128GB) - Blue,B09G9HQHRH,"1,526",https://www.amazon.co.uk/Apple-iPhone-13-128GB-Blue/dp/B09G9HQHRH/ref=sr_1_4?crid=2MPQQM1S19HFJ&keywords=iPhone+13&qid=1657021739&refinements=p_89%3AApple&rnid=1632651031&s=electronics&sprefix=%2Caps%2C102&sr=1-4,https://m.media-amazon.com/images/I/71dpTXFz+dL._AC_UY218_.jpg,5c3212f8-e37d-46b5-9081-d1765856932e
729,Apple iPhone 13 (128 GB) - Green,B09V43FPYG,"1,526",https://www.amazon.co.uk/Apple-iPhone-13-128-GB/dp/B09V43FPYG/ref=sr_1_5?crid=2MPQQM1S19HFJ&keywords=iPhone+13&qid=1657021739&refinements=p_89%3AApple&rnid=1632651031&s=electronics&sprefix=%2Caps%2C102&sr=1-5,https://m.media-amazon.com/images/I/61-r9zOKBCL._AC_UY218_.jpg,60df8a10-2032-4395-9cb4-83d5d3640ebb
949,Apple iPhone 13 Pro (128GB) - Graphite,B09G98SWCW,758,https://www.amazon.co.uk/Apple-iPhone-13-Pro-128GB/dp/B09G98SWCW/ref=sr_1_6?crid=2MPQQM1S19HFJ&keywords=iPhone+13&qid=1657021739&refinements=p_89%3AApple&rnid=1632651031&s=electronics&sprefix=%2Caps%2C102&sr=1-6,https://m.media-amazon.com/images/I/61HnuJc8WHL._AC_UY218_.jpg,5c9a8395-bf55-42dc-989c-a18b1587ec6b
719,Apple iPhone 13 (128GB) - Pink,B09G99YSFG,"1,526",https://www.amazon.co.uk/Apple-iPhone-13-128GB-Pink/dp/B09G99YSFG/ref=sr_1_7?crid=2MPQQM1S19HFJ&keywords=iPhone+13&qid=1657021739&refinements=p_89%3AApple&rnid=1632651031&s=electronics&sprefix=%2Caps%2C102&sr=1-7,https://m.media-amazon.com/images/I/61CGRxr55fL._AC_UY218_.jpg,41b495cd-c037-4bc3-a053-d0af06562abe
629,Apple iPhone 13 mini (128 GB) - Green,B09V4L7JD4,701,https://www.amazon.co.uk/Apple-iPhone-13-mini-128/dp/B09V4L7JD4/ref=sr_1_8?crid=2MPQQM1S19HFJ&keywords=iPhone+13&qid=1657021739&refinements=p_89%3AApple&rnid=1632651031&s=electronics&sprefix=%2Caps%2C102&sr=1-8,https://m.media-amazon.com/images/I/61cMQeVEGKL._AC_UY218_.jpg,db61704d-ae24-4b85-b9ec-ebbbe4db9c5d
819,Apple iPhone 13 (256GB) - Midnight,B09G9JPCJN,"1,526",https://www.amazon.co.uk/Apple-iPhone-13-256GB-Midnight/dp/B09G9JPCJN/ref=sr_1_9?crid=2MPQQM1S19HFJ&keywords=iPhone+13&qid=1657021739&refinements=p_89%3AApple&rnid=1632651031&s=electronics&sprefix=%2Caps%2C102&sr=1-9,https://m.media-amazon.com/images/I/616dWFinzLL._AC_UY218_.jpg,8a35c217-4019-4ac6-88d8-6b4ec7739f5b
629,Apple iPhone 13 mini (128GB) - Starlight,B09G96QDHX,701,https://www.amazon.co.uk/Apple-iPhone-mini-128GB-Starlight/dp/B09G96QDHX/ref=sr_1_10?crid=2MPQQM1S19HFJ&keywords=iPhone+13&qid=1657021739&refinements=p_89%3AApple&rnid=1632651031&s=electronics&sprefix=%2Caps%2C102&sr=1-10,https://m.media-amazon.com/images/I/61neib4uMCL._AC_UY218_.jpg,1b5f4de9-871a-42ed-98f4-68b3c36aa936
"1,149",Apple iPhone 13 Pro Max (256GB) - Sierra Blue,B09G9DSJH3,898,https://www.amazon.co.uk/Apple-iPhone-Pro-Max-256GB/dp/B09G9DSJH3/ref=sr_1_11?crid=2MPQQM1S19HFJ&keywords=iPhone+13&qid=1657021739&refinements=p_89%3AApple&rnid=1632651031&s=electronics&sprefix=%2Caps%2C102&sr=1-11,https://m.media-amazon.com/images/I/61BgOOthLUL._AC_UY218_.jpg,e0c1ab71-9321-4ef0-bc47-4280d8c38330
829,Apple iPhone 13 (256GB) - Blue,B09G98R969,"1,526",https://www.amazon.co.uk/Apple-iPhone-13-256GB-Blue/dp/B09G98R969/ref=sr_1_12?crid=2MPQQM1S19HFJ&keywords=iPhone+13&qid=1657021739&refinements=p_89%3AApple&rnid=1632651031&s=electronics&sprefix=%2Caps%2C102&sr=1-12,https://m.media-amazon.com/images/I/71dpTXFz+dL._AC_UY218_.jpg,454bde88-d2ec-4367-b7ab-d47106137d84
"1,149",Apple iPhone 13 Pro Max (256GB) - Graphite,B09G96VJSX,898,https://www.amazon.co.uk/Apple-iPhone-Pro-Max-256GB/dp/B09G96VJSX/ref=sr_1_13?crid=2MPQQM1S19HFJ&keywords=iPhone+13&qid=1657021739&refinements=p_89%3AApple&rnid=1632651031&s=electronics&sprefix=%2Caps%2C102&sr=1-13,https://m.media-amazon.com/images/I/61nEaHtArzL._AC_UY218_.jpg,83a71394-3a66-4bf7-a060-45276de01415
"1,049",Apple iPhone 13 Pro Max (128GB) - Sierra Blue,B09G91CF3D,898,https://www.amazon.co.uk/Apple-iPhone-Pro-Max-128GB/dp/B09G91CF3D/ref=sr_1_14?crid=2MPQQM1S19HFJ&keywords=iPhone+13&qid=1657021739&refinements=p_89%3AApple&rnid=1632651031&s=electronics&sprefix=%2Caps%2C102&sr=1-14,https://m.media-amazon.com/images/I/61BgOOthLUL._AC_UY218_.jpg,0c7b4c2e-1b3a-433e-8857-1a437c9e4255
949,Apple iPhone 13 Pro (128 GB) - Alpine Green,B09V4P7XP9,758,https://www.amazon.co.uk/Apple-iPhone-13-Pro-128/dp/B09V4P7XP9/ref=sr_1_15?crid=2MPQQM1S19HFJ&keywords=iPhone+13&qid=1657021739&refinements=p_89%3AApple&rnid=1632651031&s=electronics&sprefix=%2Caps%2C102&sr=1-15,https://m.media-amazon.com/images/I/61AwGDDZd3L._AC_UY218_.jpg,7dea69e6-0193-45ff-b4b3-726d06b4cb2c
"1,149",Apple iPhone 13 Pro Max (256GB) - Gold,B09G93YNK4,898,https://www.amazon.co.uk/Apple-iPhone-Pro-Max-256GB/dp/B09G93YNK4/ref=sr_1_16?crid=2MPQQM1S19HFJ&keywords=iPhone+13&qid=1657021739&refinements=p_89%3AApple&rnid=1632651031&s=electronics&sprefix=%2Caps%2C102&sr=1-16,https://m.media-amazon.com/images/I/61l0V4bJD5L._AC_UY218_.jpg,c6aeae1a-0050-4606-ac64-7dbd155b783e
729,Apple iPhone 13 mini (256GB) - Blue,B09G91SRW8,701,https://www.amazon.co.uk/Apple-iPhone-13-mini-256GB/dp/B09G91SRW8/ref=sr_1_17?crid=2MPQQM1S19HFJ&keywords=iPhone+13&qid=1657021739&refinements=p_89%3AApple&rnid=1632651031&s=electronics&sprefix=%2Caps%2C102&sr=1-17,https://m.media-amazon.com/images/I/718iXsqfamL._AC_UY218_.jpg,ce14aae6-edef-4b18-9dc4-77f29a81135d
"1,149",Apple iPhone 13 Pro Max (256 GB) - Alpine Green,B09V4JQ48R,898,https://www.amazon.co.uk/Apple-iPhone-Pro-Max-256/dp/B09V4JQ48R/ref=sr_1_18?crid=2MPQQM1S19HFJ&keywords=iPhone+13&qid=1657021739&refinements=p_89%3AApple&rnid=1632651031&s=electronics&sprefix=%2Caps%2C102&sr=1-18,https://m.media-amazon.com/images/I/611ovP2GkrL._AC_UY218_.jpg,58226880-9634-4c3e-b4d2-70c9a4775327
"1,049",Apple iPhone 13 Pro (256GB) - Graphite,B09G95386G,758,https://www.amazon.co.uk/Apple-iPhone-13-Pro-256GB/dp/B09G95386G/ref=sr_1_19?crid=2MPQQM1S19HFJ&keywords=iPhone+13&qid=1657021739&refinements=p_89%3AApple&rnid=1632651031&s=electronics&sprefix=%2Caps%2C102&sr=1-19,https://m.media-amazon.com/images/I/61HnuJc8WHL._AC_UY218_.jpg,5b661f31-5125-4f5d-b052-3b9cb6d20e2f
829,Apple iPhone 13 (256GB) - (PRODUCT) RED,B09G9BPV4X,"1,526",https://www.amazon.co.uk/Apple-iPhone-13-256GB-PRODUCT/dp/B09G9BPV4X/ref=sr_1_20?crid=2MPQQM1S19HFJ&keywords=iPhone+13&qid=1657021739&refinements=p_89%3AApple&rnid=1632651031&s=electronics&sprefix=%2Caps%2C102&sr=1-20,https://m.media-amazon.com/images/I/719KiqNv45L._AC_UY218_.jpg,91736634-2f4a-4267-b281-717d4ce19b11
829,Apple iPhone 13 (256 GB) - Green,B09V4WL8NM,"1,526",https://www.amazon.co.uk/Apple-iPhone-13-256-GB/dp/B09V4WL8NM/ref=sr_1_21?crid=2MPQQM1S19HFJ&keywords=iPhone+13&qid=1657021739&refinements=p_89%3AApple&rnid=1632651031&s=electronics&sprefix=%2Caps%2C102&sr=1-21,https://m.media-amazon.com/images/I/61-r9zOKBCL._AC_UY218_.jpg,0db00634-dda1-4580-aaa1-d851bc209a7b
949,Apple iPhone 13 Pro (128GB) - Gold,B09G9JFD6W,758,https://www.amazon.co.uk/Apple-iPhone-13-Pro-128GB/dp/B09G9JFD6W/ref=sr_1_22?crid=2MPQQM1S19HFJ&keywords=iPhone+13&qid=1657021739&refinements=p_89%3AApple&rnid=1632651031&s=electronics&sprefix=%2Caps%2C102&sr=1-22,https://m.media-amazon.com/images/I/61qkjL+lOGL._AC_UY218_.jpg,114f72bf-c07f-48e6-baab-b560784c08d8
949,Apple iPhone 13 Pro (128GB) - Silver,B09G9F2VWV,758,https://www.amazon.co.uk/Apple-iPhone-13-Pro-128GB/dp/B09G9F2VWV/ref=sr_1_23?crid=2MPQQM1S19HFJ&keywords=iPhone+13&qid=1657021739&refinements=p_89%3AApple&rnid=1632651031&s=electronics&sprefix=%2Caps%2C102&sr=1-23,https://m.media-amazon.com/images/I/61BiGDqUgWL._AC_UY218_.jpg,b5b4a01c-3608-47a7-be33-7493b54cddde
729,Apple iPhone 13 mini (256GB) - (PRODUCT) RED,B09G9KQLJ4,701,https://www.amazon.co.uk/Apple-iPhone-13-mini-256GB/dp/B09G9KQLJ4/ref=sr_1_24?crid=2MPQQM1S19HFJ&keywords=iPhone+13&qid=1657021739&refinements=p_89%3AApple&rnid=1632651031&s=electronics&sprefix=%2Caps%2C102&sr=1-24,https://m.media-amazon.com/images/I/61N+-WYoOfL._AC_UY218_.jpg,e06de831-9a95-49a9-bbef-fd12d062243e
829,Apple iPhone 13 (256GB) - Pink,B09G95W3NB,"1,526",https://www.amazon.co.uk/Apple-iPhone-13-256GB-Pink/dp/B09G95W3NB/ref=sr_1_25?crid=2MPQQM1S19HFJ&keywords=iPhone+13&qid=1657021739&refinements=p_89%3AApple&rnid=1632651031&s=electronics&sprefix=%2Caps%2C102&sr=1-25,https://m.media-amazon.com/images/I/61CGRxr55fL._AC_UY218_.jpg,bae453a3-5297-46a9-89aa-a417bca9cad7
999,Apple iPhone 13 (512GB) - Pink,B09G914LY3,"1,526",https://www.amazon.co.uk/Apple-iPhone-13-512GB-Pink/dp/B09G914LY3/ref=sr_1_26?crid=2MPQQM1S19HFJ&keywords=iPhone+13&qid=1657021739&refinements=p_89%3AApple&rnid=1632651031&s=electronics&sprefix=%2Caps%2C102&sr=1-26,https://m.media-amazon.com/images/I/61CGRxr55fL._AC_UY218_.jpg,51ea401f-1a95-4356-8956-d7ae5e626ad7
729,Apple iPhone 13 (128 GB) - Green,B09V43FPYG,"1,526",https://www.amazon.co.uk/gp/slredirect/picassoRedirect.html/ref=pa_sp_atf_electronics_sr_pg1_1?ie=UTF8&adId=A09483441E08EIM75S9KP&url=%2FApple-iPhone-13-128-GB%2Fdp%2FB09V43FPYG%2Fref%3Dsr_1_1_sspa%3Fcrid%3D2MPQQM1S19HFJ%26keywords%3DiPhone%2B13%26qid%3D1657021739%26refinements%3Dp_89%253AApple%26rnid%3D1632651031%26s%3Delectronics%26sprefix%3D%252Caps%252C102%26sr%3D1-1-spons%26psc%3D1&qualifier=1657021739&id=393844671160640&widgetName=sp_atf,https://m.media-amazon.com/images/I/61-r9zOKBCL._AC_UY218_.jpg,074fba07-d383-4531-beb1-304550baabfc
949,Apple iPhone 13 Pro (128GB) - Graphite,B09G98SWCW,758,https://www.amazon.co.uk/gp/slredirect/picassoRedirect.html/ref=pa_sp_atf_electronics_sr_pg1_1?ie=UTF8&adId=A03543222TF7I0J6G2LE8&url=%2FApple-iPhone-13-Pro-128GB%2Fdp%2FB09G98SWCW%2Fref%3Dsr_1_2_sspa%3Fcrid%3D2MPQQM1S19HFJ%26keywords%3DiPhone%2B13%26qid%3D1657021739%26refinements%3Dp_89%253AApple%26rnid%3D1632651031%26s%3Delectronics%26sprefix%3D%252Caps%252C102%26sr%3D1-2-spons%26psc%3D1&qualifier=1657021739&id=393844671160640&widgetName=sp_atf,https://m.media-amazon.com/images/I/61HnuJc8WHL._AC_UY218_.jpg,5596ae72-bdcd-4d93-a6e5-d1be97d85ef9
729,Apple iPhone 13 (128GB) - Midnight,B09G95MCDT,"1,526",https://www.amazon.co.uk/Apple-iPhone-13-128GB-Midnight/dp/B09G95MCDT/ref=sr_1_3?crid=2MPQQM1S19HFJ&keywords=iPhone+13&qid=1657021739&refinements=p_89%3AApple&rnid=1632651031&s=electronics&sprefix=%2Caps%2C102&sr=1-3,https://m.media-amazon.com/images/I/616dWFinzLL._AC_UY218_.jpg,c0b1a446-fe7d-4a52-b6a2-f6db41f9a299
729,Apple iPhone 13 (128GB) - Blue,B09G9HQHRH,"1,526",https://www.amazon.co.uk/Apple-iPhone-13-128GB-Blue/dp/B09G9HQHRH/ref=sr_1_4?crid=2MPQQM1S19HFJ&keywords=iPhone+13&qid=1657021739&refinements=p_89%3AApple&rnid=1632651031&s=electronics&sprefix=%2Caps%2C102&sr=1-4,https://m.media-amazon.com/images/I/71dpTXFz+dL._AC_UY218_.jpg,577e91e5-ec84-4ecb-aa73-3e1fc8a61615
729,Apple iPhone 13 (128 GB) - Green,B09V43FPYG,"1,526",https://www.amazon.co.uk/Apple-iPhone-13-128-GB/dp/B09V43FPYG/ref=sr_1_5?crid=2MPQQM1S19HFJ&keywords=iPhone+13&qid=1657021739&refinements=p_89%3AApple&rnid=1632651031&s=electronics&sprefix=%2Caps%2C102&sr=1-5,https://m.media-amazon.com/images/I/61-r9zOKBCL._AC_UY218_.jpg,2b8f8707-081e-48d7-abc7-d788c5ba6d77
949,Apple iPhone 13 Pro (128GB) - Graphite,B09G98SWCW,758,https://www.amazon.co.uk/Apple-iPhone-13-Pro-128GB/dp/B09G98SWCW/ref=sr_1_6?crid=2MPQQM1S19HFJ&keywords=iPhone+13&qid=1657021739&refinements=p_89%3AApple&rnid=1632651031&s=electronics&sprefix=%2Caps%2C102&sr=1-6,https://m.media-amazon.com/images/I/61HnuJc8WHL._AC_UY218_.jpg,8ceacaff-7a63-4b32-b499-0956f22fe4ea
719,Apple iPhone 13 (128GB) - Pink,B09G99YSFG,"1,526",https://www.amazon.co.uk/Apple-iPhone-13-128GB-Pink/dp/B09G99YSFG/ref=sr_1_7?crid=2MPQQM1S19HFJ&keywords=iPhone+13&qid=1657021739&refinements=p_89%3AApple&rnid=1632651031&s=electronics&sprefix=%2Caps%2C102&sr=1-7,https://m.media-amazon.com/images/I/61CGRxr55fL._AC_UY218_.jpg,034c7d00-4f06-4039-988f-bf44027637fd
629,Apple iPhone 13 mini (128 GB) - Green,B09V4L7JD4,701,https://www.amazon.co.uk/Apple-iPhone-13-mini-128/dp/B09V4L7JD4/ref=sr_1_8?crid=2MPQQM1S19HFJ&keywords=iPhone+13&qid=1657021739&refinements=p_89%3AApple&rnid=1632651031&s=electronics&sprefix=%2Caps%2C102&sr=1-8,https://m.media-amazon.com/images/I/61cMQeVEGKL._AC_UY218_.jpg,3a5ccae3-15b2-4e96-83dd-6ee3b2e928d3
819,Apple iPhone 13 (256GB) - Midnight,B09G9JPCJN,"1,526",https://www.amazon.co.uk/Apple-iPhone-13-256GB-Midnight/dp/B09G9JPCJN/ref=sr_1_9?crid=2MPQQM1S19HFJ&keywords=iPhone+13&qid=1657021739&refinements=p_89%3AApple&rnid=1632651031&s=electronics&sprefix=%2Caps%2C102&sr=1-9,https://m.media-amazon.com/images/I/616dWFinzLL._AC_UY218_.jpg,657e0617-bbaf-4d91-9033-664063139866
629,Apple iPhone 13 mini (128GB) - Starlight,B09G96QDHX,701,https://www.amazon.co.uk/Apple-iPhone-mini-128GB-Starlight/dp/B09G96QDHX/ref=sr_1_10?crid=2MPQQM1S19HFJ&keywords=iPhone+13&qid=1657021739&refinements=p_89%3AApple&rnid=1632651031&s=electronics&sprefix=%2Caps%2C102&sr=1-10,https://m.media-amazon.com/images/I/61neib4uMCL._AC_UY218_.jpg,4241c25d-cf5f-4b87-932f-aaeb052ac797
"1,149",Apple iPhone 13 Pro Max (256GB) - Sierra Blue,B09G9DSJH3,898,https://www.amazon.co.uk/Apple-iPhone-Pro-Max-256GB/dp/B09G9DSJH3/ref=sr_1_11?crid=2MPQQM1S19HFJ&keywords=iPhone+13&qid=1657021739&refinements=p_89%3AApple&rnid=1632651031&s=electronics&sprefix=%2Caps%2C102&sr=1-11,https://m.media-amazon.com/images/I/61BgOOthLUL._AC_UY218_.jpg,db55c11c-8741-4eb1-8029-401f606f3252
829,Apple iPhone 13 (256GB) - Blue,B09G98R969,"1,526",https://www.amazon.co.uk/Apple-iPhone-13-256GB-Blue/dp/B09G98R969/ref=sr_1_12?crid=2MPQQM1S19HFJ&keywords=iPhone+13&qid=1657021739&refinements=p_89%3AApple&rnid=1632651031&s=electronics&sprefix=%2Caps%2C102&sr=1-12,https://m.media-amazon.com/images/I/71dpTXFz+dL._AC_UY218_.jpg,61f4d3dc-d0e0-4439-859d-daf95f1c17f5
"1,149",Apple iPhone 13 Pro Max (256GB) - Graphite,B09G96VJSX,898,https://www.amazon.co.uk/Apple-iPhone-Pro-Max-256GB/dp/B09G96VJSX/ref=sr_1_13?crid=2MPQQM1S19HFJ&keywords=iPhone+13&qid=1657021739&refinements=p_89%3AApple&rnid=1632651031&s=electronics&sprefix=%2Caps%2C102&sr=1-13,https://m.media-amazon.com/images/I/61nEaHtArzL._AC_UY218_.jpg,1d176c47-86de-40fa-93e7-bc18ffb01371
"1,049",Apple iPhone 13 Pro Max (128GB) - Sierra Blue,B09G91CF3D,898,https://www.amazon.co.uk/Apple-iPhone-Pro-Max-128GB/dp/B09G91CF3D/ref=sr_1_14?crid=2MPQQM1S19HFJ&keywords=iPhone+13&qid=1657021739&refinements=p_89%3AApple&rnid=1632651031&s=electronics&sprefix=%2Caps%2C102&sr=1-14,https://m.media-amazon.com/images/I/61BgOOthLUL._AC_UY218_.jpg,4f37009e-0fd4-47a7-9e22-3190a410a771
949,Apple iPhone 13 Pro (128 GB) - Alpine Green,B09V4P7XP9,758,https://www.amazon.co.uk/Apple-iPhone-13-Pro-128/dp/B09V4P7XP9/ref=sr_1_15?crid=2MPQQM1S19HFJ&keywords=iPhone+13&qid=1657021739&refinements=p_89%3AApple&rnid=1632651031&s=electronics&sprefix=%2Caps%2C102&sr=1-15,https://m.media-amazon.com/images/I/61AwGDDZd3L._AC_UY218_.jpg,2c6eaa0f-21ac-4e7f-a129-de97c44bdc3a
"1,149",Apple iPhone 13 Pro Max (256GB) - Gold,B09G93YNK4,898,https://www.amazon.co.uk/Apple-iPhone-Pro-Max-256GB/dp/B09G93YNK4/ref=sr_1_16?crid=2MPQQM1S19HFJ&keywords=iPhone+13&qid=1657021739&refinements=p_89%3AApple&rnid=1632651031&s=electronics&sprefix=%2Caps%2C102&sr=1-16,https://m.media-amazon.com/images/I/61l0V4bJD5L._AC_UY218_.jpg,deba3300-18eb-4b7e-976e-02830db73df2
729,Apple iPhone 13 mini (256GB) - Blue,B09G91SRW8,701,https://www.amazon.co.uk/Apple-iPhone-13-mini-256GB/dp/B09G91SRW8/ref=sr_1_17?crid=2MPQQM1S19HFJ&keywords=iPhone+13&qid=1657021739&refinements=p_89%3AApple&rnid=1632651031&s=electronics&sprefix=%2Caps%2C102&sr=1-17,https://m.media-amazon.com/images/I/718iXsqfamL._AC_UY218_.jpg,15b7cfc8-dd90-45a9-b2cb-15ca86cc5e8c
"1,149",Apple iPhone 13 Pro Max (256 GB) - Alpine Green,B09V4JQ48R,898,https://www.amazon.co.uk/Apple-iPhone-Pro-Max-256/dp/B09V4JQ48R/ref=sr_1_18?crid=2MPQQM1S19HFJ&keywords=iPhone+13&qid=1657021739&refinements=p_89%3AApple&rnid=1632651031&s=electronics&sprefix=%2Caps%2C102&sr=1-18,https://m.media-amazon.com/images/I/611ovP2GkrL._AC_UY218_.jpg,3113058a-5d78-474f-85f1-25117beafc53
"1,049",Apple iPhone 13 Pro (256GB) - Graphite,B09G95386G,758,https://www.amazon.co.uk/Apple-iPhone-13-Pro-256GB/dp/B09G95386G/ref=sr_1_19?crid=2MPQQM1S19HFJ&keywords=iPhone+13&qid=1657021739&refinements=p_89%3AApple&rnid=1632651031&s=electronics&sprefix=%2Caps%2C102&sr=1-19,https://m.media-amazon.com/images/I/61HnuJc8WHL._AC_UY218_.jpg,a2b7590b-a666-45c2-85af-d75538f82cae
829,Apple iPhone 13 (256GB) - (PRODUCT) RED,B09G9BPV4X,"1,526",https://www.amazon.co.uk/Apple-iPhone-13-256GB-PRODUCT/dp/B09G9BPV4X/ref=sr_1_20?crid=2MPQQM1S19HFJ&keywords=iPhone+13&qid=1657021739&refinements=p_89%3AApple&rnid=1632651031&s=electronics&sprefix=%2Caps%2C102&sr=1-20,https://m.media-amazon.com/images/I/719KiqNv45L._AC_UY218_.jpg,3d0007ff-b5dd-4db1-84fb-8e5890a793e4
829,Apple iPhone 13 (256 GB) - Green,B09V4WL8NM,"1,526",https://www.amazon.co.uk/Apple-iPhone-13-256-GB/dp/B09V4WL8NM/ref=sr_1_21?crid=2MPQQM1S19HFJ&keywords=iPhone+13&qid=1657021739&refinements=p_89%3AApple&rnid=1632651031&s=electronics&sprefix=%2Caps%2C102&sr=1-21,https://m.media-amazon.com/images/I/61-r9zOKBCL._AC_UY218_.jpg,9685cd50-24cf-4f3c-bba4-8c00cfa26035
949,Apple iPhone 13 Pro (128GB) - Gold,B09G9JFD6W,758,https://www.amazon.co.uk/Apple-iPhone-13-Pro-128GB/dp/B09G9JFD6W/ref=sr_1_22?crid=2MPQQM1S19HFJ&keywords=iPhone+13&qid=1657021739&refinements=p_89%3AApple&rnid=1632651031&s=electronics&sprefix=%2Caps%2C102&sr=1-22,https://m.media-amazon.com/images/I/61qkjL+lOGL._AC_UY218_.jpg,48250a79-43e3-45ed-a293-f8120e9fbc69
949,Apple iPhone 13 Pro (128GB) - Silver,B09G9F2VWV,758,https://www.amazon.co.uk/Apple-iPhone-13-Pro-128GB/dp/B09G9F2VWV/ref=sr_1_23?crid=2MPQQM1S19HFJ&keywords=iPhone+13&qid=1657021739&refinements=p_89%3AApple&rnid=1632651031&s=electronics&sprefix=%2Caps%2C102&sr=1-23,https://m.media-amazon.com/images/I/61BiGDqUgWL._AC_UY218_.jpg,bd8325f9-377e-4655-8d6f-a894d11335d7
729,Apple iPhone 13 mini (256GB) - (PRODUCT) RED,B09G9KQLJ4,701,https://www.amazon.co.uk/Apple-iPhone-13-mini-256GB/dp/B09G9KQLJ4/ref=sr_1_24?crid=2MPQQM1S19HFJ&keywords=iPhone+13&qid=1657021739&refinements=p_89%3AApple&rnid=1632651031&s=electronics&sprefix=%2Caps%2C102&sr=1-24,https://m.media-amazon.com/images/I/61N+-WYoOfL._AC_UY218_.jpg,12c385c1-c05e-4044-b602-038b54824b85
829,Apple iPhone 13 (256GB) - Pink,B09G95W3NB,"1,526",https://www.amazon.co.uk/Apple-iPhone-13-256GB-Pink/dp/B09G95W3NB/ref=sr_1_25?crid=2MPQQM1S19HFJ&keywords=iPhone+13&qid=1657021739&refinements=p_89%3AApple&rnid=1632651031&s=electronics&sprefix=%2Caps%2C102&sr=1-25,https://m.media-amazon.com/images/I/61CGRxr55fL._AC_UY218_.jpg,9d9d71f8-3168-4ab4-8605-1daca294652b
999,Apple iPhone 13 (512GB) - Pink,B09G914LY3,"1,526",https://www.amazon.co.uk/Apple-iPhone-13-512GB-Pink/dp/B09G914LY3/ref=sr_1_26?crid=2MPQQM1S19HFJ&keywords=iPhone+13&qid=1657021739&refinements=p_89%3AApple&rnid=1632651031&s=electronics&sprefix=%2Caps%2C102&sr=1-26,https://m.media-amazon.com/images/I/61CGRxr55fL._AC_UY218_.jpg,e9ca88c4-df0e-4f09-9308-ecdb98998a12
729,Apple iPhone 13 (128 GB) - Green,B09V43FPYG,"1,526",https://www.amazon.co.uk/gp/slredirect/picassoRedirect.html/ref=pa_sp_atf_electronics_sr_pg1_1?ie=UTF8&adId=A09483441E08EIM75S9KP&url=%2FApple-iPhone-13-128-GB%2Fdp%2FB09V43FPYG%2Fref%3Dsr_1_1_sspa%3Fcrid%3D2MPQQM1S19HFJ%26keywords%3DiPhone%2B13%26qid%3D1657021739%26refinements%3Dp_89%253AApple%26rnid%3D1632651031%26s%3Delectronics%26sprefix%3D%252Caps%252C102%26sr%3D1-1-spons%26psc%3D1&qualifier=1657021739&id=393844671160640&widgetName=sp_atf,https://m.media-amazon.com/images/I/61-r9zOKBCL._AC_UY218_.jpg,305e974f-503b-4b36-88ac-df8749962f77
949,Apple iPhone 13 Pro (128GB) - Graphite,B09G98SWCW,758,https://www.amazon.co.uk/gp/slredirect/picassoRedirect.html/ref=pa_sp_atf_electronics_sr_pg1_1?ie=UTF8&adId=A03543222TF7I0J6G2LE8&url=%2FApple-iPhone-13-Pro-128GB%2Fdp%2FB09G98SWCW%2Fref%3Dsr_1_2_sspa%3Fcrid%3D2MPQQM1S19HFJ%26keywords%3DiPhone%2B13%26qid%3D1657021739%26refinements%3Dp_89%253AApple%26rnid%3D1632651031%26s%3Delectronics%26sprefix%3D%252Caps%252C102%26sr%3D1-2-spons%26psc%3D1&qualifier=1657021739&id=393844671160640&widgetName=sp_atf,https://m.media-amazon.com/images/I/61HnuJc8WHL._AC_UY218_.jpg,f87bb5fd-0bb4-4b93-b850-f0e50deaed6c
729,Apple iPhone 13 (128GB) - Midnight,B09G95MCDT,"1,526",https://www.amazon.co.uk/Apple-iPhone-13-128GB-Midnight/dp/B09G95MCDT/ref=sr_1_3?crid=2MPQQM1S19HFJ&keywords=iPhone+13&qid=1657021739&refinements=p_89%3AApple&rnid=1632651031&s=electronics&sprefix=%2Caps%2C102&sr=1-3,https://m.media-amazon.com/images/I/616dWFinzLL._AC_UY218_.jpg,7cdd39f4-ffda-4798-8673-2989301be850
729,Apple iPhone 13 (128GB) - Blue,B09G9HQHRH,"1,526",https://www.amazon.co.uk/Apple-iPhone-13-128GB-Blue/dp/B09G9HQHRH/ref=sr_1_4?crid=2MPQQM1S19HFJ&keywords=iPhone+13&qid=1657021739&refinements=p_89%3AApple&rnid=1632651031&s=electronics&sprefix=%2Caps%2C102&sr=1-4,https://m.media-amazon.com/images/I/71dpTXFz+dL._AC_UY218_.jpg,f707ad80-5a41-4303-8613-8dc99e83a913
729,Apple iPhone 13 (128 GB) - Green,B09V43FPYG,"1,526",https://www.amazon.co.uk/Apple-iPhone-13-128-GB/dp/B09V43FPYG/ref=sr_1_5?crid=2MPQQM1S19HFJ&keywords=iPhone+13&qid=1657021739&refinements=p_89%3AApple&rnid=1632651031&s=electronics&sprefix=%2Caps%2C102&sr=1-5,https://m.media-amazon.com/images/I/61-r9zOKBCL._AC_UY218_.jpg,d9bf4e0b-d3b4-4857-b3d1-8dd226dc5a45
949,Apple iPhone 13 Pro (128GB) - Graphite,B09G98SWCW,758,https://www.amazon.co.uk/Apple-iPhone-13-Pro-128GB/dp/B09G98SWCW/ref=sr_1_6?crid=2MPQQM1S19HFJ&keywords=iPhone+13&qid=1657021739&refinements=p_89%3AApple&rnid=1632651031&s=electronics&sprefix=%2Caps%2C102&sr=1-6,https://m.media-amazon.com/images/I/61HnuJc8WHL._AC_UY218_.jpg,fbd564ca-cac8-499f-bc87-9a5ceb797da0
719,Apple iPhone 13 (128GB) - Pink,B09G99YSFG,"1,526",https://www.amazon.co.uk/Apple-iPhone-13-128GB-Pink/dp/B09G99YSFG/ref=sr_1_7?crid=2MPQQM1S19HFJ&keywords=iPhone+13&qid=1657021739&refinements=p_89%3AApple&rnid=1632651031&s=electronics&sprefix=%2Caps%2C102&sr=1-7,https://m.media-amazon.com/images/I/61CGRxr55fL._AC_UY218_.jpg,283575af-e964-4c05-9ec8-1ed368f0aacf
629,Apple iPhone 13 mini (128 GB) - Green,B09V4L7JD4,701,https://www.amazon.co.uk/Apple-iPhone-13-mini-128/dp/B09V4L7JD4/ref=sr_1_8?crid=2MPQQM1S19HFJ&keywords=iPhone+13&qid=1657021739&refinements=p_89%3AApple&rnid=1632651031&s=electronics&sprefix=%2Caps%2C102&sr=1-8,https://m.media-amazon.com/images/I/61cMQeVEGKL._AC_UY218_.jpg,3551400c-05f1-4c44-8a22-f6edd8c2233b
819,Apple iPhone 13 (256GB) - Midnight,B09G9JPCJN,"1,526",https://www.amazon.co.uk/Apple-iPhone-13-256GB-Midnight/dp/B09G9JPCJN/ref=sr_1_9?crid=2MPQQM1S19HFJ&keywords=iPhone+13&qid=1657021739&refinements=p_89%3AApple&rnid=1632651031&s=electronics&sprefix=%2Caps%2C102&sr=1-9,https://m.media-amazon.com/images/I/616dWFinzLL._AC_UY218_.jpg,95db176d-0cd7-443d-b95b-d811d0f5a873
629,Apple iPhone 13 mini (128GB) - Starlight,B09G96QDHX,701,https://www.amazon.co.uk/Apple-iPhone-mini-128GB-Starlight/dp/B09G96QDHX/ref=sr_1_10?crid=2MPQQM1S19HFJ&keywords=iPhone+13&qid=1657021739&refinements=p_89%3AApple&rnid=1632651031&s=electronics&sprefix=%2Caps%2C102&sr=1-10,https://m.media-amazon.com/images/I/61neib4uMCL._AC_UY218_.jpg,f7a47f19-be3d-4b9b-8496-6a40466735ed
"1,149",Apple iPhone 13 Pro Max (256GB) - Sierra Blue,B09G9DSJH3,898,https://www.amazon.co.uk/Apple-iPhone-Pro-Max-256GB/dp/B09G9DSJH3/ref=sr_1_11?crid=2MPQQM1S19HFJ&keywords=iPhone+13&qid=1657021739&refinements=p_89%3AApple&rnid=1632651031&s=electronics&sprefix=%2Caps%2C102&sr=1-11,https://m.media-amazon.com/images/I/61BgOOthLUL._AC_UY218_.jpg,f3207dc4-d32b-4cb7-a19c-beaf631a1538
829,Apple iPhone 13 (256GB) - Blue,B09G98R969,"1,526",https://www.amazon.co.uk/Apple-iPhone-13-256GB-Blue/dp/B09G98R969/ref=sr_1_12?crid=2MPQQM1S19HFJ&keywords=iPhone+13&qid=1657021739&refinements=p_89%3AApple&rnid=1632651031&s=electronics&sprefix=%2Caps%2C102&sr=1-12,https://m.media-amazon.com/images/I/71dpTXFz+dL._AC_UY218_.jpg,36b91217-2922-4a49-96cd-fc57e3a7805d
"1,149",Apple iPhone 13 Pro Max (256GB) - Graphite,B09G96VJSX,898,https://www.amazon.co.uk/Apple-iPhone-Pro-Max-256GB/dp/B09G96VJSX/ref=sr_1_13?crid=2MPQQM1S19HFJ&keywords=iPhone+13&qid=1657021739&refinements=p_89%3AApple&rnid=1632651031&s=electronics&sprefix=%2Caps%2C102&sr=1-13,https://m.media-amazon.com/images/I/61nEaHtArzL._AC_UY218_.jpg,d8acf9af-1340-4deb-b4c8-0fd955fb3689
"1,049",Apple iPhone 13 Pro Max (128GB) - Sierra Blue,B09G91CF3D,898,https://www.amazon.co.uk/Apple-iPhone-Pro-Max-128GB/dp/B09G91CF3D/ref=sr_1_14?crid=2MPQQM1S19HFJ&keywords=iPhone+13&qid=1657021739&refinements=p_89%3AApple&rnid=1632651031&s=electronics&sprefix=%2Caps%2C102&sr=1-14,https://m.media-amazon.com/images/I/61BgOOthLUL._AC_UY218_.jpg,f219717a-2081-454c-8a16-8f89f7943899
949,Apple iPhone 13 Pro (128 GB) - Alpine Green,B09V4P7XP9,758,https://www.amazon.co.uk/Apple-iPhone-13-Pro-128/dp/B09V4P7XP9/ref=sr_1_15?crid=2MPQQM1S19HFJ&keywords=iPhone+13&qid=1657021739&refinements=p_89%3AApple&rnid=1632651031&s=electronics&sprefix=%2Caps%2C102&sr=1-15,https://m.media-amazon.com/images/I/61AwGDDZd3L._AC_UY218_.jpg,09213e3b-5a86-4be8-941c-0ba3a9fbe46b
"1,149",Apple iPhone 13 Pro Max (256GB) - Gold,B09G93YNK4,898,https://www.amazon.co.uk/Apple-iPhone-Pro-Max-256GB/dp/B09G93YNK4/ref=sr_1_16?crid=2MPQQM1S19HFJ&keywords=iPhone+13&qid=1657021739&refinements=p_89%3AApple&rnid=1632651031&s=electronics&sprefix=%2Caps%2C102&sr=1-16,https://m.media-amazon.com/images/I/61l0V4bJD5L._AC_UY218_.jpg,05020a47-9c7f-4165-abf9-98d1209d4e71
729,Apple iPhone 13 mini (256GB) - Blue,B09G91SRW8,701,https://www.amazon.co.uk/Apple-iPhone-13-mini-256GB/dp/B09G91SRW8/ref=sr_1_17?crid=2MPQQM1S19HFJ&keywords=iPhone+13&qid=1657021739&refinements=p_89%3AApple&rnid=1632651031&s=electronics&sprefix=%2Caps%2C102&sr=1-17,https://m.media-amazon.com/images/I/718iXsqfamL._AC_UY218_.jpg,f61cd560-ec90-4c5b-90a1-78ef51aa5e40
"1,149",Apple iPhone 13 Pro Max (256 GB) - Alpine Green,B09V4JQ48R,898,https://www.amazon.co.uk/Apple-iPhone-Pro-Max-256/dp/B09V4JQ48R/ref=sr_1_18?crid=2MPQQM1S19HFJ&keywords=iPhone+13&qid=1657021739&refinements=p_89%3AApple&rnid=1632651031&s=electronics&sprefix=%2Caps%2C102&sr=1-18,https://m.media-amazon.com/images/I/611ovP2GkrL._AC_UY218_.jpg,26d98805-f5fe-41b2-9bdf-3c77457327ed
"1,049",Apple iPhone 13 Pro (256GB) - Graphite,B09G95386G,758,https://www.amazon.co.uk/Apple-iPhone-13-Pro-256GB/dp/B09G95386G/ref=sr_1_19?crid=2MPQQM1S19HFJ&keywords=iPhone+13&qid=1657021739&refinements=p_89%3AApple&rnid=1632651031&s=electronics&sprefix=%2Caps%2C102&sr=1-19,https://m.media-amazon.com/images/I/61HnuJc8WHL._AC_UY218_.jpg,f0d298e4-ebb5-40b2-9e3a-1b22115613e8
829,Apple iPhone 13 (256GB) - (PRODUCT) RED,B09G9BPV4X,"1,526",https://www.amazon.co.uk/Apple-iPhone-13-256GB-PRODUCT/dp/B09G9BPV4X/ref=sr_1_20?crid=2MPQQM1S19HFJ&keywords=iPhone+13&qid=1657021739&refinements=p_89%3AApple&rnid=1632651031&s=electronics&sprefix=%2Caps%2C102&sr=1-20,https://m.media-amazon.com/images/I/719KiqNv45L._AC_UY218_.jpg,ecafb7db-c823-4f47-bdf9-f0ac39ce05c2
829,Apple iPhone 13 (256 GB) - Green,B09V4WL8NM,"1,526",https://www.amazon.co.uk/Apple-iPhone-13-256-GB/dp/B09V4WL8NM/ref=sr_1_21?crid=2MPQQM1S19HFJ&keywords=iPhone+13&qid=1657021739&refinements=p_89%3AApple&rnid=1632651031&s=electronics&sprefix=%2Caps%2C102&sr=1-21,https://m.media-amazon.com/images/I/61-r9zOKBCL._AC_UY218_.jpg,16cb8975-79cb-4268-86c7-73434a211e9d
949,Apple iPhone 13 Pro (128GB) - Gold,B09G9JFD6W,758,https://www.amazon.co.uk/Apple-iPhone-13-Pro-128GB/dp/B09G9JFD6W/ref=sr_1_22?crid=2MPQQM1S19HFJ&keywords=iPhone+13&qid=1657021739&refinements=p_89%3AApple&rnid=1632651031&s=electronics&sprefix=%2Caps%2C102&sr=1-22,https://m.media-amazon.com/images/I/61qkjL+lOGL._AC_UY218_.jpg,85d00246-2d16-4287-a7a7-c51b2ed9bdb1
949,Apple iPhone 13 Pro (128GB) - Silver,B09G9F2VWV,758,https://www.amazon.co.uk/Apple-iPhone-13-Pro-128GB/dp/B09G9F2VWV/ref=sr_1_23?crid=2MPQQM1S19HFJ&keywords=iPhone+13&qid=1657021739&refinements=p_89%3AApple&rnid=1632651031&s=electronics&sprefix=%2Caps%2C102&sr=1-23,https://m.media-amazon.com/images/I/61BiGDqUgWL._AC_UY218_.jpg,1a0c0c5b-3405-4ace-a414-439408a43443
729,Apple iPhone 13 mini (256GB) - (PRODUCT) RED,B09G9KQLJ4,701,https://www.amazon.co.uk/Apple-iPhone-13-mini-256GB/dp/B09G9KQLJ4/ref=sr_1_24?crid=2MPQQM1S19HFJ&keywords=iPhone+13&qid=1657021739&refinements=p_89%3AApple&rnid=1632651031&s=electronics&sprefix=%2Caps%2C102&sr=1-24,https://m.media-amazon.com/images/I/61N+-WYoOfL._AC_UY218_.jpg,a08f879b-b660-4206-9c88-8c5fd1f13b25
829,Apple iPhone 13 (256GB) - Pink,B09G95W3NB,"1,526",https://www.amazon.co.uk/Apple-iPhone-13-256GB-Pink/dp/B09G95W3NB/ref=sr_1_25?crid=2MPQQM1S19HFJ&keywords=iPhone+13&qid=1657021739&refinements=p_89%3AApple&rnid=1632651031&s=electronics&sprefix=%2Caps%2C102&sr=1-25,https://m.media-amazon.com/images/I/61CGRxr55fL._AC_UY218_.jpg,7010bce1-1e60-4b52-b3a1-04dedd8db962
999,Apple iPhone 13 (512GB) - Pink,B09G914LY3,"1,526",https://www.amazon.co.uk/Apple-iPhone-13-512GB-Pink/dp/B09G914LY3/ref=sr_1_26?crid=2MPQQM1S19HFJ&keywords=iPhone+13&qid=1657021739&refinements=p_89%3AApple&rnid=1632651031&s=electronics&sprefix=%2Caps%2C102&sr=1-26,https://m.media-amazon.com/images/I/61CGRxr55fL._AC_UY218_.jpg,f604083f-b8ed-4195-8b55-667a75079089
729,Apple iPhone 13 (128 GB) - Green,B09V43FPYG,"1,526",https://www.amazon.co.uk/gp/slredirect/picassoRedirect.html/ref=pa_sp_atf_electronics_sr_pg1_1?ie=UTF8&adId=A09483441E08EIM75S9KP&url=%2FApple-iPhone-13-128-GB%2Fdp%2FB09V43FPYG%2Fref%3Dsr_1_1_sspa%3Fcrid%3D2MPQQM1S19HFJ%26keywords%3DiPhone%2B13%26qid%3D1657021739%26refinements%3Dp_89%253AApple%26rnid%3D1632651031%26s%3Delectronics%26sprefix%3D%252Caps%252C102%26sr%3D1-1-spons%26psc%3D1&qualifier=1657021739&id=393844671160640&widgetName=sp_atf,https://m.media-amazon.com/images/I/61-r9zOKBCL._AC_UY218_.jpg,5d376a46-3469-4f8d-87f9-ee155d6112aa
949,Apple iPhone 13 Pro (128GB) - Graphite,B09G98SWCW,758,https://www.amazon.co.uk/gp/slredirect/picassoRedirect.html/ref=pa_sp_atf_electronics_sr_pg1_1?ie=UTF8&adId=A03543222TF7I0J6G2LE8&url=%2FApple-iPhone-13-Pro-128GB%2Fdp%2FB09G98SWCW%2Fref%3Dsr_1_2_sspa%3Fcrid%3D2MPQQM1S19HFJ%26keywords%3DiPhone%2B13%26qid%3D1657021739%26refinements%3Dp_89%253AApple%26rnid%3D1632651031%26s%3Delectronics%26sprefix%3D%252Caps%252C102%26sr%3D1-2-spons%26psc%3D1&qualifier=1657021739&id=393844671160640&widgetName=sp_atf,https://m.media-amazon.com/images/I/61HnuJc8WHL._AC_UY218_.jpg,f5513720-7d93-4481-866a-a58405c8ec02
729,Apple iPhone 13 (128GB) - Midnight,B09G95MCDT,"1,526",https://www.amazon.co.uk/Apple-iPhone-13-128GB-Midnight/dp/B09G95MCDT/ref=sr_1_3?crid=2MPQQM1S19HFJ&keywords=iPhone+13&qid=1657021739&refinements=p_89%3AApple&rnid=1632651031&s=electronics&sprefix=%2Caps%2C102&sr=1-3,https://m.media-amazon.com/images/I/616dWFinzLL._AC_UY218_.jpg,f602525e-2e3d-4e95-a6d9-64c0019557c1
729,Apple iPhone 13 (128GB) - Blue,B09G9HQHRH,"1,526",https://www.amazon.co.uk/Apple-iPhone-13-128GB-Blue/dp/B09G9HQHRH/ref=sr_1_4?crid=2MPQQM1S19HFJ&keywords=iPhone+13&qid=1657021739&refinements=p_89%3AApple&rnid=1632651031&s=electronics&sprefix=%2Caps%2C102&sr=1-4,https://m.media-amazon.com/images/I/71dpTXFz+dL._AC_UY218_.jpg,d5052402-d4ed-4b4e-9054-2b7f7bd3fe62
729,Apple iPhone 13 (128 GB) - Green,B09V43FPYG,"1,526",https://www.amazon.co.uk/Apple-iPhone-13-128-GB/dp/B09V43FPYG/ref=sr_1_5?crid=2MPQQM1S19HFJ&keywords=iPhone+13&qid=1657021739&refinements=p_89%3AApple&rnid=1632651031&s=electronics&sprefix=%2Caps%2C102&sr=1-5,https://m.media-amazon.com/images/I/61-r9zOKBCL._AC_UY218_.jpg,3b15498d-4f9e-44af-9fdd-8ce140fb992c
949,Apple iPhone 13 Pro (128GB) - Graphite,B09G98SWCW,758,https://www.amazon.co.uk/Apple-iPhone-13-Pro-128GB/dp/B09G98SWCW/ref=sr_1_6?crid=2MPQQM1S19HFJ&keywords=iPhone+13&qid=1657021739&refinements=p_89%3AApple&rnid=1632651031&s=electronics&sprefix=%2Caps%2C102&sr=1-6,https://m.media-amazon.com/images/I/61HnuJc8WHL._AC_UY218_.jpg,869cdf34-9adb-4f69-88a7-686e4bb14c79
719,Apple iPhone 13 (128GB) - Pink,B09G99YSFG,"1,526",https://www.amazon.co.uk/Apple-iPhone-13-128GB-Pink/dp/B09G99YSFG/ref=sr_1_7?crid=2MPQQM1S19HFJ&keywords=iPhone+13&qid=1657021739&refinements=p_89%3AApple&rnid=1632651031&s=electronics&sprefix=%2Caps%2C102&sr=1-7,https://m.media-amazon.com/images/I/61CGRxr55fL._AC_UY218_.jpg,d77a6102-95cc-46a1-8833-4bd32bb9535f
629,Apple iPhone 13 mini (128 GB) - Green,B09V4L7JD4,701,https://www.amazon.co.uk/Apple-iPhone-13-mini-128/dp/B09V4L7JD4/ref=sr_1_8?crid=2MPQQM1S19HFJ&keywords=iPhone+13&qid=1657021739&refinements=p_89%3AApple&rnid=1632651031&s=electronics&sprefix=%2Caps%2C102&sr=1-8,https://m.media-amazon.com/images/I/61cMQeVEGKL._AC_UY218_.jpg,1d831eac-1b78-432f-a7cb-498033a80ca1
819,Apple iPhone 13 (256GB) - Midnight,B09G9JPCJN,"1,526",https://www.amazon.co.uk/Apple-iPhone-13-256GB-Midnight/dp/B09G9JPCJN/ref=sr_1_9?crid=2MPQQM1S19HFJ&keywords=iPhone+13&qid=1657021739&refinements=p_89%3AApple&rnid=1632651031&s=electronics&sprefix=%2Caps%2C102&sr=1-9,https://m.media-amazon.com/images/I/616dWFinzLL._AC_UY218_.jpg,6420dc85-9c31-4fe9-8e3e-e9805503b518
629,Apple iPhone 13 mini (128GB) - Starlight,B09G96QDHX,701,https://www.amazon.co.uk/Apple-iPhone-mini-128GB-Starlight/dp/B09G96QDHX/ref=sr_1_10?crid=2MPQQM1S19HFJ&keywords=iPhone+13&qid=1657021739&refinements=p_89%3AApple&rnid=1632651031&s=electronics&sprefix=%2Caps%2C102&sr=1-10,https://m.media-amazon.com/images/I/61neib4uMCL._AC_UY218_.jpg,78548554-7de4-4d0e-a062-57bff98eac1a
"1,149",Apple iPhone 13 Pro Max (256GB) - Sierra Blue,B09G9DSJH3,898,https://www.amazon.co.uk/Apple-iPhone-Pro-Max-256GB/dp/B09G9DSJH3/ref=sr_1_11?crid=2MPQQM1S19HFJ&keywords=iPhone+13&qid=1657021739&refinements=p_89%3AApple&rnid=1632651031&s=electronics&sprefix=%2Caps%2C102&sr=1-11,https://m.media-amazon.com/images/I/61BgOOthLUL._AC_UY218_.jpg,b4440fb7-4e47-4147-ae00-8441cacdea86
829,Apple iPhone 13 (256GB) - Blue,B09G98R969,"1,526",https://www.amazon.co.uk/Apple-iPhone-13-256GB-Blue/dp/B09G98R969/ref=sr_1_12?crid=2MPQQM1S19HFJ&keywords=iPhone+13&qid=1657021739&refinements=p_89%3AApple&rnid=1632651031&s=electronics&sprefix=%2Caps%2C102&sr=1-12,https://m.media-amazon.com/images/I/71dpTXFz+dL._AC_UY218_.jpg,57691130-630b-4799-8b19-5b8042358358
"1,149",Apple iPhone 13 Pro Max (256GB) - Graphite,B09G96VJSX,898,https://www.amazon.co.uk/Apple-iPhone-Pro-Max-256GB/dp/B09G96VJSX/ref=sr_1_13?crid=2MPQQM1S19HFJ&keywords=iPhone+13&qid=1657021739&refinements=p_89%3AApple&rnid=1632651031&s=electronics&sprefix=%2Caps%2C102&sr=1-13,https://m.media-amazon.com/images/I/61nEaHtArzL._AC_UY218_.jpg,1685bd80-69c1-4ed8-8fc3-95a594995dfd
"1,049",Apple iPhone 13 Pro Max (128GB) - Sierra Blue,B09G91CF3D,898,https://www.amazon.co.uk/Apple-iPhone-Pro-Max-128GB/dp/B09G91CF3D/ref=sr_1_14?crid=2MPQQM1S19HFJ&keywords=iPhone+13&qid=1657021739&refinements=p_89%3AApple&rnid=1632651031&s=electronics&sprefix=%2Caps%2C102&sr=1-14,https://m.media-amazon.com/images/I/61BgOOthLUL._AC_UY218_.jpg,dbabca47-6733-4ae4-933a-8027e625b845
949,Apple iPhone 13 Pro (128 GB) - Alpine Green,B09V4P7XP9,758,https://www.amazon.co.uk/Apple-iPhone-13-Pro-128/dp/B09V4P7XP9/ref=sr_1_15?crid=2MPQQM1S19HFJ&keywords=iPhone+13&qid=1657021739&refinements=p_89%3AApple&rnid=1632651031&s=electronics&sprefix=%2Caps%2C102&sr=1-15,https://m.media-amazon.com/images/I/61AwGDDZd3L._AC_UY218_.jpg,682da3b6-9a0b-427f-873d-c8c5830e6453
"1,149",Apple iPhone 13 Pro Max (256GB) - Gold,B09G93YNK4,898,https://www.amazon.co.uk/Apple-iPhone-Pro-Max-256GB/dp/B09G93YNK4/ref=sr_1_16?crid=2MPQQM1S19HFJ&keywords=iPhone+13&qid=1657021739&refinements=p_89%3AApple&rnid=1632651031&s=electronics&sprefix=%2Caps%2C102&sr=1-16,https://m.media-amazon.com/images/I/61l0V4bJD5L._AC_UY218_.jpg,8559b7a2-f886-4d8e-9d10-965f14ddb64f
729,Apple iPhone 13 mini (256GB) - Blue,B09G91SRW8,701,https://www.amazon.co.uk/Apple-iPhone-13-mini-256GB/dp/B09G91SRW8/ref=sr_1_17?crid=2MPQQM1S19HFJ&keywords=iPhone+13&qid=1657021739&refinements=p_89%3AApple&rnid=1632651031&s=electronics&sprefix=%2Caps%2C102&sr=1-17,https://m.media-amazon.com/images/I/718iXsqfamL._AC_UY218_.jpg,287d2de1-c19d-4cd1-84dc-b03a67d2c126
"1,149",Apple iPhone 13 Pro Max (256 GB) - Alpine Green,B09V4JQ48R,898,https://www.amazon.co.uk/Apple-iPhone-Pro-Max-256/dp/B09V4JQ48R/ref=sr_1_18?crid=2MPQQM1S19HFJ&keywords=iPhone+13&qid=1657021739&refinements=p_89%3AApple&rnid=1632651031&s=electronics&sprefix=%2Caps%2C102&sr=1-18,https://m.media-amazon.com/images/I/611ovP2GkrL._AC_UY218_.jpg,75e98b06-5255-4387-919a-ffaff342616d
"1,049",Apple iPhone 13 Pro (256GB) - Graphite,B09G95386G,758,https://www.amazon.co.uk/Apple-iPhone-13-Pro-256GB/dp/B09G95386G/ref=sr_1_19?crid=2MPQQM1S19HFJ&keywords=iPhone+13&qid=1657021739&refinements=p_89%3AApple&rnid=1632651031&s=electronics&sprefix=%2Caps%2C102&sr=1-19,https://m.media-amazon.com/images/I/61HnuJc8WHL._AC_UY218_.jpg,97b106d6-4aae-4920-aed3-8e40e9f44d1c
829,Apple iPhone 13 (256GB) - (PRODUCT) RED,B09G9BPV4X,"1,526",https://www.amazon.co.uk/Apple-iPhone-13-256GB-PRODUCT/dp/B09G9BPV4X/ref=sr_1_20?crid=2MPQQM1S19HFJ&keywords=iPhone+13&qid=1657021739&refinements=p_89%3AApple&rnid=1632651031&s=electronics&sprefix=%2Caps%2C102&sr=1-20,https://m.media-amazon.com/images/I/719KiqNv45L._AC_UY218_.jpg,7a98e131-3b10-4ba0-a1ed-f47f153c8090
829,Apple iPhone 13 (256 GB) - Green,B09V4WL8NM,"1,526",https://www.amazon.co.uk/Apple-iPhone-13-256-GB/dp/B09V4WL8NM/ref=sr_1_21?crid=2MPQQM1S19HFJ&keywords=iPhone+13&qid=1657021739&refinements=p_89%3AApple&rnid=1632651031&s=electronics&sprefix=%2Caps%2C102&sr=1-21,https://m.media-amazon.com/images/I/61-r9zOKBCL._AC_UY218_.jpg,c9b2aeb9-3d29-4a39-a12b-74d3a8367a0c
949,Apple iPhone 13 Pro (128GB) - Gold,B09G9JFD6W,758,https://www.amazon.co.uk/Apple-iPhone-13-Pro-128GB/dp/B09G9JFD6W/ref=sr_1_22?crid=2MPQQM1S19HFJ&keywords=iPhone+13&qid=1657021739&refinements=p_89%3AApple&rnid=1632651031&s=electronics&sprefix=%2Caps%2C102&sr=1-22,https://m.media-amazon.com/images/I/61qkjL+lOGL._AC_UY218_.jpg,ceca6087-672e-482c-9d82-687a4625f89a
949,Apple iPhone 13 Pro (128GB) - Silver,B09G9F2VWV,758,https://www.amazon.co.uk/Apple-iPhone-13-Pro-128GB/dp/B09G9F2VWV/ref=sr_1_23?crid=2MPQQM1S19HFJ&keywords=iPhone+13&qid=1657021739&refinements=p_89%3AApple&rnid=1632651031&s=electronics&sprefix=%2Caps%2C102&sr=1-23,https://m.media-amazon.com/images/I/61BiGDqUgWL._AC_UY218_.jpg,da97272f-e454-4c9e-afb4-0fbce543c416
729,Apple iPhone 13 mini (256GB) - (PRODUCT) RED,B09G9KQLJ4,701,https://www.amazon.co.uk/Apple-iPhone-13-mini-256GB/dp/B09G9KQLJ4/ref=sr_1_24?crid=2MPQQM1S19HFJ&keywords=iPhone+13&qid=1657021739&refinements=p_89%3AApple&rnid=1632651031&s=electronics&sprefix=%2Caps%2C102&sr=1-24,https://m.media-amazon.com/images/I/61N+-WYoOfL._AC_UY218_.jpg,f72d2bbb-9ecd-4d70-9058-113a55e1b3c8
829,Apple iPhone 13 (256GB) - Pink,B09G95W3NB,"1,526",https://www.amazon.co.uk/Apple-iPhone-13-256GB-Pink/dp/B09G95W3NB/ref=sr_1_25?crid=2MPQQM1S19HFJ&keywords=iPhone+13&qid=1657021739&refinements=p_89%3AApple&rnid=1632651031&s=electronics&sprefix=%2Caps%2C102&sr=1-25,https://m.media-amazon.com/images/I/61CGRxr55fL._AC_UY218_.jpg,ba860536-b52b-4473-a9a3-c86f23215996
999,Apple iPhone 13 (512GB) - Pink,B09G914LY3,"1,526",https://www.amazon.co.uk/Apple-iPhone-13-512GB-Pink/dp/B09G914LY3/ref=sr_1_26?crid=2MPQQM1S19HFJ&keywords=iPhone+13&qid=1657021739&refinements=p_89%3AApple&rnid=1632651031&s=electronics&sprefix=%2Caps%2C102&sr=1-26,https://m.media-amazon.com/images/I/61CGRxr55fL._AC_UY218_.jpg,33758db9-810f-45aa-ae99-17d07219ab13
729,Apple iPhone 13 (128 GB) - Green,B09V43FPYG,"1,526",https://www.amazon.co.uk/gp/slredirect/picassoRedirect.html/ref=pa_sp_atf_electronics_sr_pg1_1?ie=UTF8&adId=A09483441E08EIM75S9KP&url=%2FApple-iPhone-13-128-GB%2Fdp%2FB09V43FPYG%2Fref%3Dsr_1_1_sspa%3Fcrid%3D2MPQQM1S19HFJ%26keywords%3DiPhone%2B13%26qid%3D1657021739%26refinements%3Dp_89%253AApple%26rnid%3D1632651031%26s%3Delectronics%26sprefix%3D%252Caps%252C102%26sr%3D1-1-spons%26psc%3D1&qualifier=1657021739&id=393844671160640&widgetName=sp_atf,https://m.media-amazon.com/images/I/61-r9zOKBCL._AC_UY218_.jpg,c545f14a-9b64-4a05-ba12-3ac50f63a4a1
949,Apple iPhone 13 Pro (128GB) - Graphite,B09G98SWCW,758,https://www.amazon.co.uk/gp/slredirect/picassoRedirect.html/ref=pa_sp_atf_electronics_sr_pg1_1?ie=UTF8&adId=A03543222TF7I0J6G2LE8&url=%2FApple-iPhone-13-Pro-128GB%2Fdp%2FB09G98SWCW%2Fref%3Dsr_1_2_sspa%3Fcrid%3D2MPQQM1S19HFJ%26keywords%3DiPhone%2B13%26qid%3D1657021739%26refinements%3Dp_89%253AApple%26rnid%3D1632651031%26s%3Delectronics%26sprefix%3D%252Caps%252C102%26sr%3D1-2-spons%26psc%3D1&qualifier=1657021739&id=393844671160640&widgetName=sp_atf,https://m.media-amazon.com/images/I/61HnuJc8WHL._AC_UY218_.jpg,a0ad8484-939b-40ae-95f7-45c648895a13
729,Apple iPhone 13 (128GB) - Midnight,B09G95MCDT,"1,526",https://www.amazon.co.uk/Apple-iPhone-13-128GB-Midnight/dp/B09G95MCDT/ref=sr_1_3?crid=2MPQQM1S19HFJ&keywords=iPhone+13&qid=1657021739&refinements=p_89%3AApple&rnid=1632651031&s=electronics&sprefix=%2Caps%2C102&sr=1-3,https://m.media-amazon.com/images/I/616dWFinzLL._AC_UY218_.jpg,2db29379-19c8-4446-b38e-f2eff8843875
729,Apple iPhone 13 (128GB) - Blue,B09G9HQHRH,"1,526",https://www.amazon.co.uk/Apple-iPhone-13-128GB-Blue/dp/B09G9HQHRH/ref=sr_1_4?crid=2MPQQM1S19HFJ&keywords=iPhone+13&qid=1657021739&refinements=p_89%3AApple&rnid=1632651031&s=electronics&sprefix=%2Caps%2C102&sr=1-4,https://m.media-amazon.com/images/I/71dpTXFz+dL._AC_UY218_.jpg,4472b9cf-4508-4750-8b2e-66a7310e70e5
729,Apple iPhone 13 (128 GB) - Green,B09V43FPYG,"1,526",https://www.amazon.co.uk/Apple-iPhone-13-128-GB/dp/B09V43FPYG/ref=sr_1_5?crid=2MPQQM1S19HFJ&keywords=iPhone+13&qid=1657021739&refinements=p_89%3AApple&rnid=1632651031&s=electronics&sprefix=%2Caps%2C102&sr=1-5,https://m.media-amazon.com/images/I/61-r9zOKBCL._AC_UY218_.jpg,adacdbe3-baa8-46ac-a4df-e8be1e82d591
949,Apple iPhone 13 Pro (128GB) - Graphite,B09G98SWCW,758,https://www.amazon.co.uk/Apple-iPhone-13-Pro-128GB/dp/B09G98SWCW/ref=sr_1_6?crid=2MPQQM1S19HFJ&keywords=iPhone+13&qid=1657021739&refinements=p_89%3AApple&rnid=1632651031&s=electronics&sprefix=%2Caps%2C102&sr=1-6,https://m.media-amazon.com/images/I/61HnuJc8WHL._AC_UY218_.jpg,49ae5436-85b0-4b30-b93f-b567358f81de
719,Apple iPhone 13 (128GB) - Pink,B09G99YSFG,"1,526",https://www.amazon.co.uk/Apple-iPhone-13-128GB-Pink/dp/B09G99YSFG/ref=sr_1_7?crid=2MPQQM1S19HFJ&keywords=iPhone+13&qid=1657021739&refinements=p_89%3AApple&rnid=1632651031&s=electronics&sprefix=%2Caps%2C102&sr=1-7,https://m.media-amazon.com/images/I/61CGRxr55fL._AC_UY218_.jpg,b5ac4988-5560-4d1f-975c-dce6161a6d9b
629,Apple iPhone 13 mini (128 GB) - Green,B09V4L7JD4,701,https://www.amazon.co.uk/Apple-iPhone-13-mini-128/dp/B09V4L7JD4/ref=sr_1_8?crid=2MPQQM1S19HFJ&keywords=iPhone+13&qid=1657021739&refinements=p_89%3AApple&rnid=1632651031&s=electronics&sprefix=%2Caps%2C102&sr=1-8,https://m.media-amazon.com/images/I/61cMQeVEGKL._AC_UY218_.jpg,63a03f2d-e75c-449d-b695-b19109f3c473
819,Apple iPhone 13 (256GB) - Midnight,B09G9JPCJN,"1,526",https://www.amazon.co.uk/Apple-iPhone-13-256GB-Midnight/dp/B09G9JPCJN/ref=sr_1_9?crid=2MPQQM1S19HFJ&keywords=iPhone+13&qid=1657021739&refinements=p_89%3AApple&rnid=1632651031&s=electronics&sprefix=%2Caps%2C102&sr=1-9,https://m.media-amazon.com/images/I/616dWFinzLL._AC_UY218_.jpg,f13fe70a-8e7d-4065-9a50-973fa1e2dcad
629,Apple iPhone 13 mini (128GB) - Starlight,B09G96QDHX,701,https://www.amazon.co.uk/Apple-iPhone-mini-128GB-Starlight/dp/B09G96QDHX/ref=sr_1_10?crid=2MPQQM1S19HFJ&keywords=iPhone+13&qid=1657021739&refinements=p_89%3AApple&rnid=1632651031&s=electronics&sprefix=%2Caps%2C102&sr=1-10,https://m.media-amazon.com/images/I/61neib4uMCL._AC_UY218_.jpg,3d45b6b3-ae7f-47fa-a20f-69d0d8a7506b
"1,149",Apple iPhone 13 Pro Max (256GB) - Sierra Blue,B09G9DSJH3,898,https://www.amazon.co.uk/Apple-iPhone-Pro-Max-256GB/dp/B09G9DSJH3/ref=sr_1_11?crid=2MPQQM1S19HFJ&keywords=iPhone+13&qid=1657021739&refinements=p_89%3AApple&rnid=1632651031&s=electronics&sprefix=%2Caps%2C102&sr=1-11,https://m.media-amazon.com/images/I/61BgOOthLUL._AC_UY218_.jpg,6cfb0c23-767c-4d8f-8dba-984432886280
829,Apple iPhone 13 (256GB) - Blue,B09G98R969,"1,526",https://www.amazon.co.uk/Apple-iPhone-13-256GB-Blue/dp/B09G98R969/ref=sr_1_12?crid=2MPQQM1S19HFJ&keywords=iPhone+13&qid=1657021739&refinements=p_89%3AApple&rnid=1632651031&s=electronics&sprefix=%2Caps%2C102&sr=1-12,https://m.media-amazon.com/images/I/71dpTXFz+dL._AC_UY218_.jpg,88583069-d8f3-4f35-98d2-502fa2b09d1d
"1,149",Apple iPhone 13 Pro Max (256GB) - Graphite,B09G96VJSX,898,https://www.amazon.co.uk/Apple-iPhone-Pro-Max-256GB/dp/B09G96VJSX/ref=sr_1_13?crid=2MPQQM1S19HFJ&keywords=iPhone+13&qid=1657021739&refinements=p_89%3AApple&rnid=1632651031&s=electronics&sprefix=%2Caps%2C102&sr=1-13,https://m.media-amazon.com/images/I/61nEaHtArzL._AC_UY218_.jpg,9a4f2f7f-6f32-47a8-8fbe-4b0afe375650
"1,049",Apple iPhone 13 Pro Max (128GB) - Sierra Blue,B09G91CF3D,898,https://www.amazon.co.uk/Apple-iPhone-Pro-Max-128GB/dp/B09G91CF3D/ref=sr_1_14?crid=2MPQQM1S19HFJ&keywords=iPhone+13&qid=1657021739&refinements=p_89%3AApple&rnid=1632651031&s=electronics&sprefix=%2Caps%2C102&sr=1-14,https://m.media-amazon.com/images/I/61BgOOthLUL._AC_UY218_.jpg,cf87b48b-9c03-409d-a1d1-1e87651250c5
949,Apple iPhone 13 Pro (128 GB) - Alpine Green,B09V4P7XP9,758,https://www.amazon.co.uk/Apple-iPhone-13-Pro-128/dp/B09V4P7XP9/ref=sr_1_15?crid=2MPQQM1S19HFJ&keywords=iPhone+13&qid=1657021739&refinements=p_89%3AApple&rnid=1632651031&s=electronics&sprefix=%2Caps%2C102&sr=1-15,https://m.media-amazon.com/images/I/61AwGDDZd3L._AC_UY218_.jpg,30004560-92d9-461b-9886-3c3ef3917345
"1,149",Apple iPhone 13 Pro Max (256GB) - Gold,B09G93YNK4,898,https://www.amazon.co.uk/Apple-iPhone-Pro-Max-256GB/dp/B09G93YNK4/ref=sr_1_16?crid=2MPQQM1S19HFJ&keywords=iPhone+13&qid=1657021739&refinements=p_89%3AApple&rnid=1632651031&s=electronics&sprefix=%2Caps%2C102&sr=1-16,https://m.media-amazon.com/images/I/61l0V4bJD5L._AC_UY218_.jpg,75382599-7d36-495c-af40-a1784b46dade
729,Apple iPhone 13 mini (256GB) - Blue,B09G91SRW8,701,https://www.amazon.co.uk/Apple-iPhone-13-mini-256GB/dp/B09G91SRW8/ref=sr_1_17?crid=2MPQQM1S19HFJ&keywords=iPhone+13&qid=1657021739&refinements=p_89%3AApple&rnid=1632651031&s=electronics&sprefix=%2Caps%2C102&sr=1-17,https://m.media-amazon.com/images/I/718iXsqfamL._AC_UY218_.jpg,64e3ef43-812c-4eb0-a924-05d0f8bf90ef
"1,149",Apple iPhone 13 Pro Max (256 GB) - Alpine Green,B09V4JQ48R,898,https://www.amazon.co.uk/Apple-iPhone-Pro-Max-256/dp/B09V4JQ48R/ref=sr_1_18?crid=2MPQQM1S19HFJ&keywords=iPhone+13&qid=1657021739&refinements=p_89%3AApple&rnid=1632651031&s=electronics&sprefix=%2Caps%2C102&sr=1-18,https://m.media-amazon.com/images/I/611ovP2GkrL._AC_UY218_.jpg,afbe1ee4-3789-45bb-a62e-96ffa503e01a
"1,049",Apple iPhone 13 Pro (256GB) - Graphite,B09G95386G,758,https://www.amazon.co.uk/Apple-iPhone-13-Pro-256GB/dp/B09G95386G/ref=sr_1_19?crid=2MPQQM1S19HFJ&keywords=iPhone+13&qid=1657021739&refinements=p_89%3AApple&rnid=1632651031&s=electronics&sprefix=%2Caps%2C102&sr=1-19,https://m.media-amazon.com/images/I/61HnuJc8WHL._AC_UY218_.jpg,16d10750-74d9-489b-b4bf-771cc643e400
829,Apple iPhone 13 (256GB) - (PRODUCT) RED,B09G9BPV4X,"1,526",https://www.amazon.co.uk/Apple-iPhone-13-256GB-PRODUCT/dp/B09G9BPV4X/ref=sr_1_20?crid=2MPQQM1S19HFJ&keywords=iPhone+13&qid=1657021739&refinements=p_89%3AApple&rnid=1632651031&s=electronics&sprefix=%2Caps%2C102&sr=1-20,https://m.media-amazon.com/images/I/719KiqNv45L._AC_UY218_.jpg,3fb9ea0b-069b-4d08-9e30-f014e23146eb
829,Apple iPhone 13 (256 GB) - Green,B09V4WL8NM,"1,526",https://www.amazon.co.uk/Apple-iPhone-13-256-GB/dp/B09V4WL8NM/ref=sr_1_21?crid=2MPQQM1S19HFJ&keywords=iPhone+13&qid=1657021739&refinements=p_89%3AApple&rnid=1632651031&s=electronics&sprefix=%2Caps%2C102&sr=1-21,https://m.media-amazon.com/images/I/61-r9zOKBCL._AC_UY218_.jpg,76e98e68-816f-4742-85d2-b96e88f216e8
949,Apple iPhone 13 Pro (128GB) - Gold,B09G9JFD6W,758,https://www.amazon.co.uk/Apple-iPhone-13-Pro-128GB/dp/B09G9JFD6W/ref=sr_1_22?crid=2MPQQM1S19HFJ&keywords=iPhone+13&qid=1657021739&refinements=p_89%3AApple&rnid=1632651031&s=electronics&sprefix=%2Caps%2C102&sr=1-22,https://m.media-amazon.com/images/I/61qkjL+lOGL._AC_UY218_.jpg,1f906fd4-2b22-495e-bc9f-791f05a9a089
949,Apple iPhone 13 Pro (128GB) - Silver,B09G9F2VWV,758,https://www.amazon.co.uk/Apple-iPhone-13-Pro-128GB/dp/B09G9F2VWV/ref=sr_1_23?crid=2MPQQM1S19HFJ&keywords=iPhone+13&qid=1657021739&refinements=p_89%3AApple&rnid=1632651031&s=electronics&sprefix=%2Caps%2C102&sr=1-23,https://m.media-amazon.com/images/I/61BiGDqUgWL._AC_UY218_.jpg,4025ddf1-b562-41a7-a453-a4441a4a3aa5
729,Apple iPhone 13 mini (256GB) - (PRODUCT) RED,B09G9KQLJ4,701,https://www.amazon.co.uk/Apple-iPhone-13-mini-256GB/dp/B09G9KQLJ4/ref=sr_1_24?crid=2MPQQM1S19HFJ&keywords=iPhone+13&qid=1657021739&refinements=p_89%3AApple&rnid=1632651031&s=electronics&sprefix=%2Caps%2C102&sr=1-24,https://m.media-amazon.com/images/I/61N+-WYoOfL._AC_UY218_.jpg,9300c7be-c8dc-44fa-835b-22cbe48b8983
829,Apple iPhone 13 (256GB) - Pink,B09G95W3NB,"1,526",https://www.amazon.co.uk/Apple-iPhone-13-256GB-Pink/dp/B09G95W3NB/ref=sr_1_25?crid=2MPQQM1S19HFJ&keywords=iPhone+13&qid=1657021739&refinements=p_89%3AApple&rnid=1632651031&s=electronics&sprefix=%2Caps%2C102&sr=1-25,https://m.media-amazon.com/images/I/61CGRxr55fL._AC_UY218_.jpg,c5496917-d622-41a4-90eb-7d09cd1ca748
999,Apple iPhone 13 (512GB) - Pink,B09G914LY3,"1,526",https://www.amazon.co.uk/Apple-iPhone-13-512GB-Pink/dp/B09G914LY3/ref=sr_1_26?crid=2MPQQM1S19HFJ&keywords=iPhone+13&qid=1657021739&refinements=p_89%3AApple&rnid=1632651031&s=electronics&sprefix=%2Caps%2C102&sr=1-26,https://m.media-amazon.com/images/I/61CGRxr55fL._AC_UY218_.jpg,29541d1c-7e0d-4466-84ef-25564516af27
